split,MAE,RMSE,R2
test,12.410581160823922,15.895200348241119,0.2916246724726578
