split,MAE,RMSE,R2
val,12.835071185012673,16.338815936130423,0.3948142535733481
